Request Code	Department	Request Group	New Request Type	Business Description	Proposed Workflow	Needs Approval?	Approval Role	Default Priority	First Response SLA	Resolution SLA	Required Fields	Required Documents	Allow Transfer?	Allow Reopen?	Business Decision	Business Comments
CS-GEN-001	Customer Service	General Inquiries	General Inquiry	General customer inquiry that does not belong to a specialized request type.	CS Queue → Agent → Resolve → Close	No		Normal	4 business hours	1 business day	Customer, Project/Unit if applicable, Description	None	Yes	Yes		
CS-GEN-002	Customer Service	General Inquiries	Office Hours / Contact Information	Office hours, contact details and general service information.	CS Queue → Agent → Resolve → Close	No		Low	4 business hours	Same business day	Customer/Contact, Description	None	Yes	Yes		
CS-GEN-003	Customer Service	General Inquiries	Construction Update	Customer request for project construction/progress update.	CS Queue → Agent → Obtain update if needed → Resolve → Close	No		Normal	4 business hours	1 business day	Customer, Project, Unit if applicable	None	Yes	Yes		
CS-CMP-001	Customer Service	Complaints & Feedback	Complaint	Formal customer complaint requiring follow-up and possible escalation.	CS Queue → Agent → Escalate if needed → Resolve → Close	Conditional	CS Supervisor / Manager	High	2 business hours	2 business days	Customer, Project/Unit, Complaint details	Supporting evidence if available	Yes	Yes		
CS-CMP-002	Customer Service	Complaints & Feedback	Feedback / Suggestion	Customer feedback, suggestion or service improvement request.	CS Queue → Agent → Record/route → Resolve → Close	No		Low	4 business hours	1 business day	Customer, Feedback details	None	Yes	Yes		
REG-NOC-001	Customer Service	NOC	NOC for Resale	Request to issue NOC for property resale.	CS Queue → CS Agent →Acounting→CS Agentt → Resolve → Close	Conditional	Registration Supervisor / Authorized Approver	Normal	4 business hours	2 business days	Customer, Project, Unit, Request details	Required resale NOC documents	Yes	Yes		
REG-NOC-002	Customer Service	NOC	NOC for Golden Visa	Request to issue NOC/supporting letter for Golden Visa.	CS Queue → CS Agent →Acounting→CS Agentt → Resolve → Close	Conditional	Registration Supervisor / Authorized Approver	Normal	4 business hours	2 business days	Customer, Project, Unit	Required Golden Visa/NOC documents	Yes	Yes		
REG-NOC-003	Customer Service	NOC	NOC for Mortgage	Request to issue NOC for mortgage-related processing.	CS Queue → CS Agent →Acounting→CS Agentt → Resolve → Close	Conditional	Registration Supervisor / Authorized Approver	Normal	4 business hours	2 business days	Customer, Project, Unit	Required mortgage/NOC documents	Yes	Yes		
REG-CON-001	Registration	Contracts / DLD	SPA / Contract Inquiry	Inquiry regarding Sales & Purchase Agreement or contract details.	Registration Queue → Agent → Review → Resolve → Close	No		Normal	4 business hours	1 business day	Customer, Project, Unit, Contract reference	Contract if needed	Yes	Yes		
REG-DLD-001	Registration	Contracts / DLD	Ownership Transfer / Title Deed Inquiry	Inquiry regarding ownership transfer, title deed or pre-title deed.	Registration Queue → Agent → Review DLD/registration status → Resolve → Close	No		Normal	4 business hours	1 business day	Customer, Project, Unit	Relevant ownership/title documents if needed	Yes	Yes		
COL-PAY-001	Collections	Payments & Collection	Payment / Outstanding Balance Inquiry	Inquiry about customer payments, due amounts or outstanding balance.	Collections Queue → Agent → Review account → Resolve → Close	No		Normal	4 business hours	1 business day	Customer, Project, Unit	Payment proof if applicable	Yes	Yes		
COL-PAY-002	Collections	Payments & Collection	Returned Cheque	Follow-up for a returned/bounced cheque.	Collections Queue → Agent → Follow-up → Escalate if needed → Resolve → Close	Conditional	Collections Supervisor / Manager	High	2 business hours	1 business day	Customer, Project, Unit, Cheque details	Cheque copy / bank return document	Yes	Yes		
COL-PAY-003	Collections	Payments & Collection	Cheque Collection	Request or inquiry related to cheque collection.	Collections Queue → Agent → Confirm cheque/collection → Resolve → Close	No		Normal	4 business hours	1 business day	Customer, Project, Unit, Cheque details	Cheque details if applicable	Yes	Yes		
COL-PAY-004	Collections	Payments & Collection	Payment Cheque Inquiry	General inquiry regarding a payment cheque.	Collections Queue → Agent → Review → Resolve → Close	No		Normal	4 business hours	1 business day	Customer, Project, Unit, Cheque details	Cheque copy if required	Yes	Yes		
HO-NOC-001	Customer Service	Handover	NOC for Handover	Request for NOC required before handover.	CS Queue →Agent→Acounting→ CS Agent → Handover Agent → Resolve → Close	Conditional	Handover Supervisor / Authorized Approver	Normal	4 business hours	2 business days	Customer, Project, Unit	Required clearance/NOC documents	Yes	Yes		
HO-HND-001	Handover	Handover	Coordinate Handover	Coordinate and follow up the property handover process.	Handover Queue → Agent → Coordinate → Resolve → Close	No		Normal	4 business hours	1 business day	Customer, Project, Unit	Handover documents if applicable	Yes	Yes		
HO-HND-002	Handover	Handover	Schedule Handover Appointment	Schedule or reschedule a handover appointment.	Handover Queue → Agent → Confirm available slot → Resolve → Close	No		Normal	4 business hours	1 business day	Customer, Project, Unit, Preferred date/time	None	Yes	Yes		
HO-HND-003	Handover	Handover	Move-In / Move-Out	Request related to move-in or move-out coordination for handed-over properties.	Handover Queue → Agent → Coordinate requirements → Resolve → Close	No		Normal	4 business hours	1 business day	Customer, Project, Unit, Move date	Required move-in/out documents if applicable	Yes	Yes		
HO-HND-004	Handover	Handover	Handover Maintenance Follow-up	Maintenance issue identified during or after handover requiring follow-up.	Handover Queue → Facilities Management if needed → Follow-up → Resolve → Close	No		Normal	4 business hours	Based on issue severity	Customer, Project, Unit, Issue details	Photos/supporting evidence if available	Yes	Yes		
FM-MNT-001	Facilities Management	Maintenance	Repair / Maintenance Request	Repair or maintenance request for a property/unit.	FM Queue → Assign Agent/Technician → In Progress → Resolve → Close	No		Normal	2 business hours	Based on severity	Customer, Project, Unit, Issue type, Description	Photos if available	Yes	Yes		
FM-UTL-001	Facilities Management	Maintenance	Utilities Inquiry	Inquiry or issue related to utilities.	FM Queue → Agent → Review/coordinate → Resolve → Close	No		Normal	4 business hours	1 business day	Customer, Project, Unit, Utility type	Supporting document if applicable	Yes	Yes		
FM-COM-001	Facilities Management	Maintenance	Common Area Maintenance	Maintenance issue in a shared/common area.	FM Queue → Agent/Technician → In Progress → Resolve → Close	No		Normal	2 business hours	Based on severity	Project/Building, Location, Issue details	Photos if available	Yes	Yes		
FM-SVC-001	Facilities Management	Service Charge	Service Charge Inquiry	Inquiry regarding service charges.	FM/Responsible Finance Queue → Agent → Review → Resolve → Close	No		Normal	4 business hours	1 business day	Customer, Project, Unit	Statement/invoice if applicable	Yes	Yes		
LCS-TEN-001	Leasing Customer Services	Leasing	Tenancy Contract	Request or inquiry related to tenancy contract.	Leasing CS Queue → Agent → Process/Review → Resolve → Close	Conditional	Leasing Supervisor / Authorized Approver	Normal	4 business hours	2 business days	Customer/Tenant, Property/Unit	Required tenancy documents	Yes	Yes		
LCS-EJR-001	Leasing Customer Services	Leasing	Ejari	Request or inquiry related to Ejari registration.	Leasing CS Queue → Agent → Process/Review → Resolve → Close	Conditional	Leasing Supervisor / Authorized Approver	Normal	4 business hours	2 business days	Customer/Tenant, Property/Unit	Required Ejari documents	Yes	Yes		
LCS-BKG-001	Leasing Customer Services	Leasing	Booking	Leasing booking inquiry or request.	Leasing CS Queue → Agent → Confirm booking/details → Resolve → Close	No		Normal	4 business hours	1 business day	Customer/Tenant, Property/Unit	Booking document if applicable	Yes	Yes		
LCS-MOV-001	Leasing Customer Services	Leasing	Move-In / Move-Out	Leasing move-in or move-out coordination.	Leasing CS Queue → Agent → Coordinate → Resolve → Close	No		Normal	4 business hours	1 business day	Customer/Tenant, Property/Unit, Move date	Required move-in/out documents if applicable	Yes	Yes		
LCS-CHK-001	Leasing Customer Services	Leasing	Rent / DEWA / AC Cheque Inquiry	Inquiry regarding rent, DEWA or air-conditioning cheques.	Leasing CS Queue → Agent → Review → Resolve → Close	No		Normal	4 business hours	1 business day	Customer/Tenant, Property/Unit, Cheque type/details	Cheque copy if applicable	Yes	Yes		
BRK-COM-001	Customer Service	Broker Inquiries	Broker Commission Inquiry	Broker inquiry related to commission status/payment.	CS Queue →Cs Agent  → Admin sales →Review → Resolve → Close	Conditional	Responsible Manager	Normal	4 business hours	2 business days	Broker, Project/Unit, Deal reference	Supporting commission documents if needed	Yes	Yes		
BRK-CHK-001	Customer Service	Broker Inquiries	Broker Cheque Collection	Broker request/inquiry related to cheque collection.	CS Queue →Cs Agent  → Admin sales → Confirm collection → Resolve → Close	No		Normal	4 business hours	1 business day	Broker, Deal reference, Cheque details	Supporting document if needed	Yes	Yes		
SAL-INQ-001	Customer Service	Sales	Property Sales Inquiry	Customer inquiry about available properties or sales.	CS / Call Center → Sales Handoff → Follow-up → Resolve / Close	No		Normal	2 business hours	1 business day	Customer, Contact details, Interested project/unit if known	None	Yes	Yes		
LEG-INQ-001	Customer Service	Legal	Legal Notice / Permit / Approval Inquiry	Customer inquiry involving legal notice, permit or approval.	CS Intake → Legal Handoff → Legal Review/Response → CS Resolve → Close	Conditional	Legal / Authorized Approver	High	2 business hours	2 business days	Customer, Project/Unit, Legal request details	Legal notice / relevant documents	Yes	Yes		
REC-HR-001	Customer Service	Reception	HR Inquiry	Reception inquiry that should be routed to HR.	Reception / CS → HR Handoff → Acknowledge/Resolve → Close	No		Low	4 business hours	1 business day	Requester details, Description	None	Yes	Yes		
REC-MKT-001	Customer Service	Reception	Marketing Inquiry	Reception inquiry that should be routed to Marketing.	Reception / CS → Marketing Handoff → Acknowledge/Resolve → Close	No		Low	4 business hours	1 business day	Requester details, Description	None	Yes	Yes		
REC-OTH-001	Customer Service	Reception	Other Reception Inquiry	Reception inquiry that does not match a predefined type.	Reception / CS → Route to Responsible Department → Resolve → Close	No		Normal	4 business hours	1 business day	Requester details, Description	None	Yes	Yes		
